,Repeat,Subject,activation / control,Behavior,Event_Type,Time_Relative_sf,Duration_sf
0,1,B,control,Approach hands to food,State point,5.91657,0
1,1,B,control,Approach hands to food,State point,52.3742,0
2,1,B,control,Approach hands to food,State point,61.0824,0
3,1,B,control,Approach hands to food,State point,63.749,0
4,1,B,control,Approach hands to food,State point,69.1239,0
5,1,B,control,Approach hands to food,State point,107.457,0
6,1,B,control,Approach hands to food,State point,109.915,0
7,1,B,control,Approach hands to food,State point,114.915,0
8,1,B,control,Approach hands to food,State point,131.331,0
9,1,B,control,Approach hands to food,State point,132.665,0
10,1,B,control,Approach hands to food,State point,135.623,0
11,1,B,control,Approach hands to food,State point,137.873,0
12,1,B,control,Approach hands to food,State point,139.664,0
13,1,B,control,Approach hands to food,State point,217.08,0
14,1,B,control,Approach hands to food,State point,354.953,0
15,1,B,control,Approach hands to food,State point,436.743,0
16,1,B,control,Approach hands to food,State point,438.993,0
17,1,B,control,Approach hands to food,State point,790.112,0
18,1,B,control,Approach hands to food,State point,844.028,0
19,1,B,control,Approach hands to food,State point,907.527,0
20,1,B,control,Approach hands to food,State point,1074.07,0
21,1,B,control,Approach hands to food,State point,1075.52,0
22,1,B,control,Approach hands to food,State point,1086.9,0
23,1,B,control,Approach hands to food,State point,1100.19,0
24,1,B,control,Approach hands to food,State point,1115.61,0
25,2,B,control,Approach hands to food,State point,5.91657,0
26,2,B,control,Approach hands to food,State point,9.41652,0
27,2,B,control,Approach hands to food,State point,17.7914,0
28,2,B,control,Approach hands to food,State point,38.4161,0
29,2,B,control,Approach hands to food,State point,57.0408,0
30,2,B,control,Approach hands to food,State point,66.2906,0
31,2,B,control,Approach hands to food,State point,149.831,0
32,2,B,control,Approach hands to food,State point,215.205,0
33,2,B,control,Approach hands to food,State point,217.205,0
34,2,B,control,Approach hands to food,State point,268.746,0
35,2,B,control,Approach hands to food,State point,327.661,0
36,2,B,control,Approach hands to food,State point,329.911,0
37,2,B,control,Approach hands to food,State point,357.494,0
38,2,B,control,Approach hands to food,State point,368.911,0
39,2,B,control,Approach hands to food,State point,411.243,0
40,2,B,control,Approach hands to food,State point,440.201,0
41,2,B,control,Approach hands to food,State point,476.201,0
42,2,B,control,Approach hands to food,State point,1052.77,0
43,1,B,activation,Approach hands to food,State point,6.91656,0
44,1,B,activation,Approach hands to food,State point,8.87486,0
45,1,B,activation,Approach hands to food,State point,14.6664,0
46,1,B,activation,Approach hands to food,State point,25.0829,0
47,1,B,activation,Approach hands to food,State point,31.0828,0
48,1,B,activation,Approach hands to food,State point,35.4161,0
49,1,B,activation,Approach hands to food,State point,37.4994,0
50,1,B,activation,Approach hands to food,State point,45.6243,0
51,1,B,activation,Approach hands to food,State point,50.4575,0
52,1,B,activation,Approach hands to food,State point,57.4991,0
53,1,B,activation,Approach hands to food,State point,60.124,0
54,1,B,activation,Approach hands to food,State point,78.2071,0
55,1,B,activation,Approach hands to food,State point,89.9569,0
56,1,B,activation,Approach hands to food,State point,110.415,0
57,1,B,activation,Approach hands to food,State point,114.873,0
58,1,B,activation,Approach hands to food,State point,134.165,0
59,1,B,activation,Approach hands to food,State point,152.456,0
60,1,B,activation,Approach hands to food,State point,167.081,0
61,1,B,activation,Approach hands to food,State point,169.956,0
62,1,B,activation,Approach hands to food,State point,171.997,0
63,1,B,activation,Approach hands to food,State point,173.331,0
64,1,B,activation,Approach hands to food,State point,174.539,0
65,1,B,activation,Approach hands to food,State point,175.456,0
66,1,B,activation,Approach hands to food,State point,176.622,0
67,1,B,activation,Approach hands to food,State point,181.414,0
68,1,B,activation,Approach hands to food,State point,213.913,0
69,1,B,activation,Approach hands to food,State point,215.247,0
70,1,B,activation,Approach hands to food,State point,216.08,0
71,1,B,activation,Approach hands to food,State point,217.288,0
72,1,B,activation,Approach hands to food,State point,218.663,0
73,1,B,activation,Approach hands to food,State point,219.621,0
74,1,B,activation,Approach hands to food,State point,222.746,0
75,1,B,activation,Approach hands to food,State point,238.996,0
76,1,B,activation,Approach hands to food,State point,240.454,0
77,1,B,activation,Approach hands to food,State point,252.621,0
78,1,B,activation,Approach hands to food,State point,253.496,0
79,1,B,activation,Approach hands to food,State point,254.871,0
80,1,B,activation,Approach hands to food,State point,264.162,0
81,1,B,activation,Approach hands to food,State point,292.495,0
82,1,B,activation,Approach hands to food,State point,293.704,0
83,1,B,activation,Approach hands to food,State point,295.495,0
84,1,B,activation,Approach hands to food,State point,296.079,0
85,1,B,activation,Approach hands to food,State point,297.662,0
86,1,B,activation,Approach hands to food,State point,298.37,0
87,1,B,activation,Approach hands to food,State point,300.245,0
88,1,B,activation,Approach hands to food,State point,301.995,0
89,1,B,activation,Approach hands to food,State point,303.662,0
90,1,B,activation,Approach hands to food,State point,314.62,0
91,1,B,activation,Approach hands to food,State point,336.078,0
92,1,B,activation,Approach hands to food,State point,374.827,0
93,1,B,activation,Approach hands to food,State point,380.827,0
94,1,B,activation,Approach hands to food,State point,382.077,0
95,1,B,activation,Approach hands to food,State point,383.286,0
96,1,B,activation,Approach hands to food,State point,386.66,0
97,1,B,activation,Approach hands to food,State point,408.702,0
98,1,B,activation,Approach hands to food,State point,410.577,0
99,1,B,activation,Approach hands to food,State point,427.16,0
100,1,B,activation,Approach hands to food,State point,450.451,0
101,1,B,activation,Approach hands to food,State point,452.118,0
102,1,B,activation,Approach hands to food,State point,456.659,0
103,1,B,activation,Approach hands to food,State point,493.575,0
104,1,B,activation,Approach hands to food,State point,593.741,0
105,1,B,activation,Approach hands to food,State point,594.365,0
106,1,B,activation,Approach hands to food,State point,596.032,0
107,1,B,activation,Approach hands to food,State point,603.282,0
108,1,B,activation,Approach hands to food,State point,603.824,0
109,1,B,activation,Approach hands to food,State point,604.74,0
110,1,B,activation,Approach hands to food,State point,634.198,0
111,1,B,activation,Approach hands to food,State point,636.073,0
112,1,B,activation,Approach hands to food,State point,638.823,0
113,1,B,activation,Approach hands to food,State point,639.698,0
114,1,B,activation,Approach hands to food,State point,679.697,0
115,1,B,activation,Approach hands to food,State point,839.487,0
116,1,B,activation,Approach hands to food,State point,840.945,0
117,1,B,activation,Approach hands to food,State point,875.111,0
118,1,B,activation,Approach hands to food,State point,902.194,0
119,1,B,activation,Approach hands to food,State point,903.069,0
120,1,B,activation,Approach hands to food,State point,905.361,0
121,1,B,activation,Approach hands to food,State point,909.527,0
122,1,B,activation,Approach hands to food,State point,913.235,0
123,1,B,activation,Approach hands to food,State point,914.485,0
124,1,B,activation,Approach hands to food,State point,917.86,0
125,1,B,activation,Approach hands to food,State point,921.819,0
126,1,B,activation,Approach hands to food,State point,951.151,0
127,1,B,activation,Approach hands to food,State point,999.151,0
128,1,B,activation,Approach hands to food,State point,1001.9,0
129,1,B,activation,Approach hands to food,State point,1037.23,0
130,1,B,activation,Approach hands to food,State point,1038.36,0
131,1,B,activation,Approach hands to food,State point,1039.11,0
132,1,B,activation,Approach hands to food,State point,1040.73,0
133,1,B,activation,Approach hands to food,State point,1060.36,0
134,1,B,activation,Approach hands to food,State point,1067.32,0
135,1,B,activation,Approach hands to food,State point,1154.23,0
136,1,B,activation,Approach hands to food,State point,1187.9,0
137,1,B,activation,Approach hands to food,State point,1191.15,0
138,2,B,activation,Approach hands to food,State point,4.95825,0
139,2,B,activation,Approach hands to food,State point,12.5415,0
140,2,B,activation,Approach hands to food,State point,18.7914,0
141,2,B,activation,Approach hands to food,State point,63.2907,0
142,2,B,activation,Approach hands to food,State point,65.1656,0
143,2,B,activation,Approach hands to food,State point,69.3322,0
144,2,B,activation,Approach hands to food,State point,77.1238,0
145,2,B,activation,Approach hands to food,State point,245.079,0
146,2,B,activation,Approach hands to food,State point,361.911,0
147,2,B,activation,Approach hands to food,State point,393.035,0
148,2,B,activation,Approach hands to food,State point,395.327,0
149,2,B,activation,Approach hands to food,State point,400.577,0
150,2,B,activation,Approach hands to food,State point,401.744,0
151,2,B,activation,Approach hands to food,State point,402.869,0
152,2,B,activation,Approach hands to food,State point,406.327,0
153,2,B,activation,Approach hands to food,State point,408.493,0
154,2,B,activation,Approach hands to food,State point,414.535,0
155,2,B,activation,Approach hands to food,State point,416.368,0
156,2,B,activation,Approach hands to food,State point,425.66,0
157,2,B,activation,Approach hands to food,State point,433.118,0
158,2,B,activation,Approach hands to food,State point,438.576,0
159,2,B,activation,Approach hands to food,State point,442.535,0
160,2,B,activation,Approach hands to food,State point,444.618,0
161,2,B,activation,Approach hands to food,State point,449.659,0
162,2,B,activation,Approach hands to food,State point,471.701,0
163,2,B,activation,Approach hands to food,State point,533.491,0
164,2,B,activation,Approach hands to food,State point,535.158,0
165,2,B,activation,Approach hands to food,State point,624.573,0
166,2,B,activation,Approach hands to food,State point,625.615,0
167,2,B,activation,Approach hands to food,State point,626.782,0
168,2,B,activation,Approach hands to food,State point,629.657,0
169,2,B,activation,Approach hands to food,State point,630.698,0
170,2,B,activation,Approach hands to food,State point,631.782,0
171,2,B,activation,Approach hands to food,State point,632.573,0
172,2,B,activation,Approach hands to food,State point,633.448,0
173,2,B,activation,Approach hands to food,State point,635.032,0
174,2,B,activation,Approach hands to food,State point,636.115,0
175,2,B,activation,Approach hands to food,State point,637.073,0
176,2,B,activation,Approach hands to food,State point,638.698,0
177,2,B,activation,Approach hands to food,State point,715.655,0
178,2,B,activation,Approach hands to food,State point,717.572,0
179,2,B,activation,Approach hands to food,State point,718.655,0
180,2,B,activation,Approach hands to food,State point,733.822,0
181,2,B,activation,Approach hands to food,State point,734.863,0
182,2,B,activation,Approach hands to food,State point,819.029,0
183,2,B,activation,Approach hands to food,State point,822.112,0
184,2,B,activation,Approach hands to food,State point,825.57,0
185,2,B,activation,Approach hands to food,State point,826.445,0
186,2,B,activation,Approach hands to food,State point,828.153,0
187,2,B,activation,Approach hands to food,State point,912.36,0
188,2,B,activation,Approach hands to food,State point,976.109,0
189,2,B,activation,Approach hands to food,State point,977.026,0
190,2,B,activation,Approach hands to food,State point,979.776,0
191,2,B,activation,Approach hands to food,State point,984.151,0
192,2,B,activation,Approach hands to food,State point,992.192,0
193,2,B,activation,Approach hands to food,State point,994.401,0
194,2,B,activation,Approach hands to food,State point,1023.82,0
195,2,B,activation,Approach hands to food,State point,1026.36,0
196,1,C,control,Approach hands to food,State point,7.54155,0
197,1,C,control,Approach hands to food,State point,27.1662,0
198,1,C,control,Approach hands to food,State point,37.2911,0
199,1,C,control,Approach hands to food,State point,39.1244,0
200,1,C,control,Approach hands to food,State point,41.7493,0
201,1,C,control,Approach hands to food,State point,44.0826,0
202,1,C,control,Approach hands to food,State point,45.2909,0
203,1,C,control,Approach hands to food,State point,49.7492,0
204,1,C,control,Approach hands to food,State point,55.8324,0
205,1,C,control,Approach hands to food,State point,66.2906,0
206,1,C,control,Approach hands to food,State point,73.1655,0
207,1,C,control,Approach hands to food,State point,74.9571,0
208,1,C,control,Approach hands to food,State point,77.9988,0
209,1,C,control,Approach hands to food,State point,81.6237,0
210,1,C,control,Approach hands to food,State point,83.0403,0
211,1,C,control,Approach hands to food,State point,83.3737,0
212,1,C,control,Approach hands to food,State point,89.2486,0
213,1,C,control,Approach hands to food,State point,91.2902,0
214,1,C,control,Approach hands to food,State point,92.9152,0
215,1,C,control,Approach hands to food,State point,95.2485,0
216,1,C,control,Approach hands to food,State point,103.415,0
217,1,C,control,Approach hands to food,State point,104.957,0
218,1,C,control,Approach hands to food,State point,114.54,0
219,1,C,control,Approach hands to food,State point,117.956,0
220,1,C,control,Approach hands to food,State point,122.831,0
221,1,C,control,Approach hands to food,State point,124.415,0
222,1,C,control,Approach hands to food,State point,132.581,0
223,1,C,control,Approach hands to food,State point,133.331,0
224,1,C,control,Approach hands to food,State point,140.706,0
225,1,C,control,Approach hands to food,State point,156.914,0
226,1,C,control,Approach hands to food,State point,157.831,0
227,1,C,control,Approach hands to food,State point,160.747,0
228,1,C,control,Approach hands to food,State point,169.289,0
229,1,C,control,Approach hands to food,State point,172.831,0
230,1,C,control,Approach hands to food,State point,174.747,0
231,1,C,control,Approach hands to food,State point,178.33,0
232,1,C,control,Approach hands to food,State point,189.872,0
233,1,C,control,Approach hands to food,State point,190.747,0
234,1,C,control,Approach hands to food,State point,204.747,0
235,1,C,control,Approach hands to food,State point,210.83,0
236,1,C,control,Approach hands to food,State point,226.788,0
237,1,C,control,Approach hands to food,State point,241.204,0
238,1,C,control,Approach hands to food,State point,255.913,0
239,1,C,control,Approach hands to food,State point,257.204,0
240,1,C,control,Approach hands to food,State point,259.288,0
241,1,C,control,Approach hands to food,State point,263.996,0
242,1,C,control,Approach hands to food,State point,264.662,0
243,1,C,control,Approach hands to food,State point,270.621,0
244,1,C,control,Approach hands to food,State point,272.162,0
245,1,C,control,Approach hands to food,State point,276.579,0
246,1,C,control,Approach hands to food,State point,280.912,0
247,1,C,control,Approach hands to food,State point,291.329,0
248,1,C,control,Approach hands to food,State point,292.287,0
249,1,C,control,Approach hands to food,State point,301.787,0
250,1,C,control,Approach hands to food,State point,315.37,0
251,1,C,control,Approach hands to food,State point,317.287,0
252,1,C,control,Approach hands to food,State point,326.703,0
253,1,C,control,Approach hands to food,State point,342.87,0
254,1,C,control,Approach hands to food,State point,344.744,0
255,1,C,control,Approach hands to food,State point,374.536,0
256,1,C,control,Approach hands to food,State point,381.036,0
257,1,C,control,Approach hands to food,State point,409.785,0
258,1,C,control,Approach hands to food,State point,411.493,0
259,1,C,control,Approach hands to food,State point,424.702,0
260,1,C,control,Approach hands to food,State point,429.66,0
261,1,C,control,Approach hands to food,State point,435.91,0
262,1,C,control,Approach hands to food,State point,488.409,0
263,1,C,control,Approach hands to food,State point,489.909,0
264,1,C,control,Approach hands to food,State point,500.242,0
265,1,C,control,Approach hands to food,State point,506.325,0
266,1,C,control,Approach hands to food,State point,508.7,0
267,1,C,control,Approach hands to food,State point,510.575,0
268,1,C,control,Approach hands to food,State point,534.366,0
269,1,C,control,Approach hands to food,State point,537.408,0
270,1,C,control,Approach hands to food,State point,606.199,0
271,1,C,control,Approach hands to food,State point,645.448,0
272,1,C,control,Approach hands to food,State point,647.281,0
273,1,C,control,Approach hands to food,State point,666.948,0
274,1,C,control,Approach hands to food,State point,668.364,0
275,1,C,control,Approach hands to food,State point,684.656,0
276,1,C,control,Approach hands to food,State point,685.489,0
277,1,C,control,Approach hands to food,State point,870.319,0
278,1,C,control,Approach hands to food,State point,897.861,0
279,1,C,control,Approach hands to food,State point,901.527,0
280,1,C,control,Approach hands to food,State point,944.568,0
281,1,C,control,Approach hands to food,State point,959.276,0
282,1,C,control,Approach hands to food,State point,961.61,0
283,1,C,control,Approach hands to food,State point,1010.15,0
284,1,C,control,Approach hands to food,State point,1013.28,0
285,1,C,control,Approach hands to food,State point,1020.44,0
286,1,C,control,Approach hands to food,State point,1081.36,0
287,1,C,control,Approach hands to food,State point,1083.86,0
288,1,C,control,Approach hands to food,State point,1092.82,0
289,1,C,control,Approach hands to food,State point,1110.65,0
290,1,C,control,Approach hands to food,State point,1133.44,0
291,1,C,control,Approach hands to food,State point,1141.52,0
292,1,C,control,Approach hands to food,State point,1193.77,0
293,2,C,control,Approach hands to food,State point,4.83326,0
294,2,C,control,Approach hands to food,State point,27.8329,0
295,2,C,control,Approach hands to food,State point,35.5411,0
296,2,C,control,Approach hands to food,State point,61.8323,0
297,2,C,control,Approach hands to food,State point,67.2073,0
298,2,C,control,Approach hands to food,State point,79.7071,0
299,2,C,control,Approach hands to food,State point,81.3737,0
300,2,C,control,Approach hands to food,State point,87.5403,0
301,2,C,control,Approach hands to food,State point,112.873,0
302,2,C,control,Approach hands to food,State point,137.373,0
303,2,C,control,Approach hands to food,State point,146.664,0
304,2,C,control,Approach hands to food,State point,150.998,0
305,2,C,control,Approach hands to food,State point,165.997,0
306,2,C,control,Approach hands to food,State point,175.914,0
307,2,C,control,Approach hands to food,State point,203.205,0
308,2,C,control,Approach hands to food,State point,210.83,0
309,2,C,control,Approach hands to food,State point,227.58,0
310,2,C,control,Approach hands to food,State point,269.162,0
311,2,C,control,Approach hands to food,State point,288.079,0
312,2,C,control,Approach hands to food,State point,308.828,0
313,2,C,control,Approach hands to food,State point,392.535,0
314,2,C,control,Approach hands to food,State point,428.326,0
315,2,C,control,Approach hands to food,State point,502.659,0
316,2,C,control,Approach hands to food,State point,522.617,0
317,2,C,control,Approach hands to food,State point,535.825,0
318,2,C,control,Approach hands to food,State point,536.575,0
319,2,C,control,Approach hands to food,State point,537.408,0
320,2,C,control,Approach hands to food,State point,600.532,0
321,2,C,control,Approach hands to food,State point,615.573,0
322,2,C,control,Approach hands to food,State point,623.573,0
323,2,C,control,Approach hands to food,State point,625.407,0
324,2,C,control,Approach hands to food,State point,625.99,0
325,2,C,control,Approach hands to food,State point,627.573,0
326,2,C,control,Approach hands to food,State point,639.24,0
327,2,C,control,Approach hands to food,State point,639.906,0
328,2,C,control,Approach hands to food,State point,651.49,0
329,2,C,control,Approach hands to food,State point,672.531,0
330,2,C,control,Approach hands to food,State point,679.031,0
331,2,C,control,Approach hands to food,State point,736.197,0
332,2,C,control,Approach hands to food,State point,770.196,0
333,2,C,control,Approach hands to food,State point,771.196,0
334,2,C,control,Approach hands to food,State point,787.487,0
335,2,C,control,Approach hands to food,State point,794.487,0
336,2,C,control,Approach hands to food,State point,799.904,0
337,2,C,control,Approach hands to food,State point,808.82,0
338,2,C,control,Approach hands to food,State point,945.568,0
339,2,C,control,Approach hands to food,State point,1007.23,0
340,2,C,control,Approach hands to food,State point,1103.9,0
341,2,C,control,Approach hands to food,State point,1145.94,0
342,1,C,activation,Approach hands to food,State point,4.91659,0
343,1,C,activation,Approach hands to food,State point,6.58323,0
344,1,C,activation,Approach hands to food,State point,19.7497,0
345,1,C,activation,Approach hands to food,State point,25.0829,0
346,1,C,activation,Approach hands to food,State point,26.4162,0
347,1,C,activation,Approach hands to food,State point,41.3327,0
348,1,C,activation,Approach hands to food,State point,42.0827,0
349,1,C,activation,Approach hands to food,State point,43.8326,0
350,1,C,activation,Approach hands to food,State point,50.6242,0
351,1,C,activation,Approach hands to food,State point,57.2074,0
352,1,C,activation,Approach hands to food,State point,65.6656,0
353,1,C,activation,Approach hands to food,State point,67.3739,0
354,1,C,activation,Approach hands to food,State point,69.6239,0
355,1,C,activation,Approach hands to food,State point,70.7072,0
356,1,C,activation,Approach hands to food,State point,71.7072,0
357,1,C,activation,Approach hands to food,State point,84.0403,0
358,1,C,activation,Approach hands to food,State point,91.6652,0
359,1,C,activation,Approach hands to food,State point,95.4568,0
360,1,C,activation,Approach hands to food,State point,107.29,0
361,1,C,activation,Approach hands to food,State point,108.123,0
362,1,C,activation,Approach hands to food,State point,112.582,0
363,1,C,activation,Approach hands to food,State point,113.498,0
364,1,C,activation,Approach hands to food,State point,116.665,0
365,1,C,activation,Approach hands to food,State point,128.915,0
366,1,C,activation,Approach hands to food,State point,139.206,0
367,1,C,activation,Approach hands to food,State point,153.706,0
368,1,C,activation,Approach hands to food,State point,157.122,0
369,1,C,activation,Approach hands to food,State point,163.581,0
370,1,C,activation,Approach hands to food,State point,164.247,0
371,1,C,activation,Approach hands to food,State point,165.664,0
372,1,C,activation,Approach hands to food,State point,171.456,0
373,1,C,activation,Approach hands to food,State point,174.039,0
374,1,C,activation,Approach hands to food,State point,185.414,0
375,1,C,activation,Approach hands to food,State point,190.289,0
376,1,C,activation,Approach hands to food,State point,195.497,0
377,1,C,activation,Approach hands to food,State point,200.413,0
378,1,C,activation,Approach hands to food,State point,215.622,0
379,1,C,activation,Approach hands to food,State point,222.496,0
380,1,C,activation,Approach hands to food,State point,226.871,0
381,1,C,activation,Approach hands to food,State point,235.33,0
382,1,C,activation,Approach hands to food,State point,236.121,0
383,1,C,activation,Approach hands to food,State point,237.288,0
384,1,C,activation,Approach hands to food,State point,245.496,0
385,1,C,activation,Approach hands to food,State point,251.371,0
386,1,C,activation,Approach hands to food,State point,252.579,0
387,1,C,activation,Approach hands to food,State point,253.579,0
388,1,C,activation,Approach hands to food,State point,256.996,0
389,1,C,activation,Approach hands to food,State point,258.288,0
390,1,C,activation,Approach hands to food,State point,267.954,0
391,1,C,activation,Approach hands to food,State point,274.537,0
392,1,C,activation,Approach hands to food,State point,275.871,0
393,1,C,activation,Approach hands to food,State point,277.246,0
394,1,C,activation,Approach hands to food,State point,277.954,0
395,1,C,activation,Approach hands to food,State point,278.621,0
396,1,C,activation,Approach hands to food,State point,280.412,0
397,1,C,activation,Approach hands to food,State point,287.87,0
398,1,C,activation,Approach hands to food,State point,288.579,0
399,1,C,activation,Approach hands to food,State point,338.203,0
400,1,C,activation,Approach hands to food,State point,338.786,0
401,1,C,activation,Approach hands to food,State point,339.995,0
402,1,C,activation,Approach hands to food,State point,342.703,0
403,1,C,activation,Approach hands to food,State point,343.786,0
404,1,C,activation,Approach hands to food,State point,346.536,0
405,1,C,activation,Approach hands to food,State point,378.994,0
406,1,C,activation,Approach hands to food,State point,381.952,0
407,1,C,activation,Approach hands to food,State point,384.536,0
408,1,C,activation,Approach hands to food,State point,411.785,0
409,1,C,activation,Approach hands to food,State point,424.618,0
410,1,C,activation,Approach hands to food,State point,428.326,0
411,1,C,activation,Approach hands to food,State point,430.076,0
412,1,C,activation,Approach hands to food,State point,432.701,0
413,1,C,activation,Approach hands to food,State point,446.576,0
414,1,C,activation,Approach hands to food,State point,447.576,0
415,1,C,activation,Approach hands to food,State point,450.034,0
416,1,C,activation,Approach hands to food,State point,458.618,0
417,1,C,activation,Approach hands to food,State point,462.159,0
418,1,C,activation,Approach hands to food,State point,467.118,0
419,1,C,activation,Approach hands to food,State point,468.034,0
420,1,C,activation,Approach hands to food,State point,469.534,0
421,1,C,activation,Approach hands to food,State point,472.909,0
422,1,C,activation,Approach hands to food,State point,477.701,0
423,1,C,activation,Approach hands to food,State point,479.492,0
424,1,C,activation,Approach hands to food,State point,484.617,0
425,1,C,activation,Approach hands to food,State point,496.784,0
426,1,C,activation,Approach hands to food,State point,498.117,0
427,1,C,activation,Approach hands to food,State point,500.659,0
428,1,C,activation,Approach hands to food,State point,511.492,0
429,1,C,activation,Approach hands to food,State point,512.117,0
430,1,C,activation,Approach hands to food,State point,512.575,0
431,1,C,activation,Approach hands to food,State point,514.825,0
432,1,C,activation,Approach hands to food,State point,515.45,0
433,1,C,activation,Approach hands to food,State point,516.033,0
434,1,C,activation,Approach hands to food,State point,517.283,0
435,1,C,activation,Approach hands to food,State point,526.575,0
436,1,C,activation,Approach hands to food,State point,538.575,0
437,1,C,activation,Approach hands to food,State point,542.491,0
438,1,C,activation,Approach hands to food,State point,567.158,0
439,1,C,activation,Approach hands to food,State point,569.158,0
440,1,C,activation,Approach hands to food,State point,573.116,0
441,1,C,activation,Approach hands to food,State point,574.282,0
442,1,C,activation,Approach hands to food,State point,575.949,0
443,1,C,activation,Approach hands to food,State point,579.741,0
444,1,C,activation,Approach hands to food,State point,585.907,0
445,1,C,activation,Approach hands to food,State point,646.115,0
446,1,C,activation,Approach hands to food,State point,651.365,0
447,1,C,activation,Approach hands to food,State point,656.531,0
448,1,C,activation,Approach hands to food,State point,675.114,0
449,1,C,activation,Approach hands to food,State point,718.489,0
450,1,C,activation,Approach hands to food,State point,719.738,0
451,1,C,activation,Approach hands to food,State point,724.072,0
452,1,C,activation,Approach hands to food,State point,784.404,0
453,1,C,activation,Approach hands to food,State point,785.112,0
454,1,C,activation,Approach hands to food,State point,786.154,0
455,1,C,activation,Approach hands to food,State point,788.071,0
456,1,C,activation,Approach hands to food,State point,788.737,0
457,1,C,activation,Approach hands to food,State point,797.071,0
458,1,C,activation,Approach hands to food,State point,801.071,0
459,1,C,activation,Approach hands to food,State point,804.987,0
460,1,C,activation,Approach hands to food,State point,839.32,0
461,1,C,activation,Approach hands to food,State point,842.362,0
462,1,C,activation,Approach hands to food,State point,843.112,0
463,1,C,activation,Approach hands to food,State point,847.028,0
464,1,C,activation,Approach hands to food,State point,857.153,0
465,1,C,activation,Approach hands to food,State point,870.403,0
466,1,C,activation,Approach hands to food,State point,881.611,0
467,1,C,activation,Approach hands to food,State point,883.194,0
468,1,C,activation,Approach hands to food,State point,885.652,0
469,1,C,activation,Approach hands to food,State point,886.777,0
470,1,C,activation,Approach hands to food,State point,896.111,0
471,1,C,activation,Approach hands to food,State point,910.069,0
472,1,C,activation,Approach hands to food,State point,921.277,0
473,1,C,activation,Approach hands to food,State point,930.402,0
474,1,C,activation,Approach hands to food,State point,931.693,0
475,1,C,activation,Approach hands to food,State point,933.318,0
476,1,C,activation,Approach hands to food,State point,939.235,0
477,1,C,activation,Approach hands to food,State point,940.318,0
478,1,C,activation,Approach hands to food,State point,942.068,0
479,1,C,activation,Approach hands to food,State point,942.443,0
480,1,C,activation,Approach hands to food,State point,979.818,0
481,1,C,activation,Approach hands to food,State point,991.442,0
482,1,C,activation,Approach hands to food,State point,1008.07,0
483,1,C,activation,Approach hands to food,State point,1063.57,0
484,1,C,activation,Approach hands to food,State point,1067.73,0
485,1,C,activation,Approach hands to food,State point,1068.86,0
486,1,C,activation,Approach hands to food,State point,1070.61,0
487,1,C,activation,Approach hands to food,State point,1078.02,0
488,1,C,activation,Approach hands to food,State point,1080.15,0
489,1,C,activation,Approach hands to food,State point,1081.44,0
490,1,C,activation,Approach hands to food,State point,1082.57,0
491,1,C,activation,Approach hands to food,State point,1083.19,0
492,1,C,activation,Approach hands to food,State point,1083.77,0
493,1,C,activation,Approach hands to food,State point,1086.15,0
494,1,C,activation,Approach hands to food,State point,1087.02,0
495,1,C,activation,Approach hands to food,State point,1087.98,0
496,1,C,activation,Approach hands to food,State point,1088.4,0
497,1,C,activation,Approach hands to food,State point,1088.94,0
498,1,C,activation,Approach hands to food,State point,1089.65,0
499,1,C,activation,Approach hands to food,State point,1116.77,0
500,2,C,activation,Approach hands to food,State point,6.58323,0
501,2,C,activation,Approach hands to food,State point,9.16652,0
502,2,C,activation,Approach hands to food,State point,11.3748,0
503,2,C,activation,Approach hands to food,State point,20.708,0
504,2,C,activation,Approach hands to food,State point,30.8745,0
505,2,C,activation,Approach hands to food,State point,46.1243,0
506,2,C,activation,Approach hands to food,State point,56.6241,0
507,2,C,activation,Approach hands to food,State point,62.499,0
508,2,C,activation,Approach hands to food,State point,68.7072,0
509,2,C,activation,Approach hands to food,State point,90.8735,0
510,2,C,activation,Approach hands to food,State point,92.7902,0
511,2,C,activation,Approach hands to food,State point,104.04,0
512,2,C,activation,Approach hands to food,State point,105.29,0
513,2,C,activation,Approach hands to food,State point,120.665,0
514,2,C,activation,Approach hands to food,State point,122.498,0
515,2,C,activation,Approach hands to food,State point,125.915,0
516,2,C,activation,Approach hands to food,State point,143.039,0
517,2,C,activation,Approach hands to food,State point,144.873,0
518,2,C,activation,Approach hands to food,State point,148.748,0
519,2,C,activation,Approach hands to food,State point,167.247,0
520,2,C,activation,Approach hands to food,State point,170.331,0
521,2,C,activation,Approach hands to food,State point,173.206,0
522,2,C,activation,Approach hands to food,State point,182.497,0
523,2,C,activation,Approach hands to food,State point,186.205,0
524,2,C,activation,Approach hands to food,State point,187.497,0
525,2,C,activation,Approach hands to food,State point,188.455,0
526,2,C,activation,Approach hands to food,State point,204.955,0
527,2,C,activation,Approach hands to food,State point,211.58,0
528,2,C,activation,Approach hands to food,State point,213.747,0
529,2,C,activation,Approach hands to food,State point,216.705,0
530,2,C,activation,Approach hands to food,State point,224.163,0
531,2,C,activation,Approach hands to food,State point,225.538,0
532,2,C,activation,Approach hands to food,State point,228.663,0
533,2,C,activation,Approach hands to food,State point,229.871,0
534,2,C,activation,Approach hands to food,State point,236.038,0
535,2,C,activation,Approach hands to food,State point,238.871,0
536,2,C,activation,Approach hands to food,State point,256.329,0
537,2,C,activation,Approach hands to food,State point,265.954,0
538,2,C,activation,Approach hands to food,State point,279.204,0
539,2,C,activation,Approach hands to food,State point,287.62,0
540,2,C,activation,Approach hands to food,State point,291.454,0
541,2,C,activation,Approach hands to food,State point,292.245,0
542,2,C,activation,Approach hands to food,State point,295.204,0
543,2,C,activation,Approach hands to food,State point,296.454,0
544,2,C,activation,Approach hands to food,State point,310.87,0
545,2,C,activation,Approach hands to food,State point,312.453,0
546,2,C,activation,Approach hands to food,State point,313.245,0
547,2,C,activation,Approach hands to food,State point,314.912,0
548,2,C,activation,Approach hands to food,State point,316.037,0
549,2,C,activation,Approach hands to food,State point,317.328,0
550,2,C,activation,Approach hands to food,State point,328.245,0
551,2,C,activation,Approach hands to food,State point,330.328,0
552,2,C,activation,Approach hands to food,State point,331.495,0
553,2,C,activation,Approach hands to food,State point,332.328,0
554,2,C,activation,Approach hands to food,State point,333.661,0
555,2,C,activation,Approach hands to food,State point,334.786,0
556,2,C,activation,Approach hands to food,State point,339.286,0
557,2,C,activation,Approach hands to food,State point,342.245,0
558,2,C,activation,Approach hands to food,State point,343.161,0
559,2,C,activation,Approach hands to food,State point,344.869,0
560,2,C,activation,Approach hands to food,State point,346.619,0
561,2,C,activation,Approach hands to food,State point,354.453,0
562,2,C,activation,Approach hands to food,State point,356.661,0
563,2,C,activation,Approach hands to food,State point,364.453,0
564,2,C,activation,Approach hands to food,State point,366.119,0
565,2,C,activation,Approach hands to food,State point,374.827,0
566,2,C,activation,Approach hands to food,State point,378.286,0
567,2,C,activation,Approach hands to food,State point,393.119,0
568,2,C,activation,Approach hands to food,State point,396.327,0
569,2,C,activation,Approach hands to food,State point,400.202,0
570,2,C,activation,Approach hands to food,State point,401.369,0
571,2,C,activation,Approach hands to food,State point,425.368,0
572,2,C,activation,Approach hands to food,State point,430.826,0
573,2,C,activation,Approach hands to food,State point,431.66,0
574,2,C,activation,Approach hands to food,State point,433.868,0
575,2,C,activation,Approach hands to food,State point,435.243,0
576,2,C,activation,Approach hands to food,State point,448.993,0
577,2,C,activation,Approach hands to food,State point,450.909,0
578,2,C,activation,Approach hands to food,State point,451.784,0
579,2,C,activation,Approach hands to food,State point,452.534,0
580,2,C,activation,Approach hands to food,State point,453.868,0
581,2,C,activation,Approach hands to food,State point,471.992,0
582,2,C,activation,Approach hands to food,State point,474.826,0
583,2,C,activation,Approach hands to food,State point,479.451,0
584,2,C,activation,Approach hands to food,State point,502.45,0
585,2,C,activation,Approach hands to food,State point,504.117,0
586,2,C,activation,Approach hands to food,State point,516.033,0
587,2,C,activation,Approach hands to food,State point,522.075,0
588,2,C,activation,Approach hands to food,State point,523.742,0
589,2,C,activation,Approach hands to food,State point,532.491,0
590,2,C,activation,Approach hands to food,State point,535.491,0
591,2,C,activation,Approach hands to food,State point,553.949,0
592,2,C,activation,Approach hands to food,State point,568.074,0
593,2,C,activation,Approach hands to food,State point,575.574,0
594,2,C,activation,Approach hands to food,State point,576.241,0
595,2,C,activation,Approach hands to food,State point,599.99,0
596,2,C,activation,Approach hands to food,State point,603.449,0
597,2,C,activation,Approach hands to food,State point,612.949,0
598,2,C,activation,Approach hands to food,State point,617.782,0
599,2,C,activation,Approach hands to food,State point,624.323,0
600,2,C,activation,Approach hands to food,State point,626.282,0
601,2,C,activation,Approach hands to food,State point,627.365,0
602,2,C,activation,Approach hands to food,State point,632.448,0
603,2,C,activation,Approach hands to food,State point,659.281,0
604,2,C,activation,Approach hands to food,State point,661.281,0
605,2,C,activation,Approach hands to food,State point,664.281,0
606,2,C,activation,Approach hands to food,State point,667.531,0
607,2,C,activation,Approach hands to food,State point,668.281,0
608,2,C,activation,Approach hands to food,State point,669.531,0
609,2,C,activation,Approach hands to food,State point,671.698,0
610,2,C,activation,Approach hands to food,State point,701.864,0
611,2,C,activation,Approach hands to food,State point,703.197,0
612,2,C,activation,Approach hands to food,State point,708.322,0
613,2,C,activation,Approach hands to food,State point,710.822,0
614,2,C,activation,Approach hands to food,State point,712.572,0
615,2,C,activation,Approach hands to food,State point,715.114,0
616,2,C,activation,Approach hands to food,State point,718.322,0
617,2,C,activation,Approach hands to food,State point,719.322,0
618,2,C,activation,Approach hands to food,State point,747.78,0
619,2,C,activation,Approach hands to food,State point,750.53,0
620,2,C,activation,Approach hands to food,State point,752.571,0
621,2,C,activation,Approach hands to food,State point,754.988,0
622,2,C,activation,Approach hands to food,State point,756.28,0
623,2,C,activation,Approach hands to food,State point,762.821,0
624,2,C,activation,Approach hands to food,State point,766.529,0
625,2,C,activation,Approach hands to food,State point,777.279,0
626,2,C,activation,Approach hands to food,State point,778.571,0
627,2,C,activation,Approach hands to food,State point,780.363,0
628,2,C,activation,Approach hands to food,State point,781.737,0
629,2,C,activation,Approach hands to food,State point,784.904,0
630,2,C,activation,Approach hands to food,State point,786.529,0
631,2,C,activation,Approach hands to food,State point,804.195,0
632,2,C,activation,Approach hands to food,State point,808.945,0
633,2,C,activation,Approach hands to food,State point,809.654,0
634,2,C,activation,Approach hands to food,State point,811.32,0
635,2,C,activation,Approach hands to food,State point,830.903,0
636,2,C,activation,Approach hands to food,State point,841.028,0
637,2,C,activation,Approach hands to food,State point,842.112,0
638,2,C,activation,Approach hands to food,State point,853.07,0
639,2,C,activation,Approach hands to food,State point,880.028,0
640,2,C,activation,Approach hands to food,State point,886.819,0
641,2,C,activation,Approach hands to food,State point,892.902,0
642,2,C,activation,Approach hands to food,State point,926.86,0
643,2,C,activation,Approach hands to food,State point,984.568,0
644,2,C,activation,Approach hands to food,State point,1137.82,0
645,2,C,activation,Approach hands to food,State point,1188.11,0
646,2,C,activation,Approach hands to food,State point,1190.77,0
647,2,C,activation,Approach hands to food,State point,1193.11,0
648,2,C,activation,Approach hands to food,State point,1198.23,0
